num,ang1,ang2,ang3,ang4,ang5,ang6,ang7,ang8,ang9,ang10,label
1,177.34175004526696,173.10047820210357,163.74733300229454,158.26519019347754,86.93103569290349,87.06188051524867,174.14594545527603,175.62263506800122,177.44953538019428,179.2780502031511,arm_stretch_up
2,56.58027575235464,87.64850499319368,22.393900748408036,11.28375806765781,149.5217860555621,86.73531365842668,112.18882187815055,179.30457555362173,89.685936666191,162.08803422757313,arm_stretch_up
3,96.14193976209616,125.34506564770713,40.612389877149496,40.58314583993737,110.68527005243057,84.29516762053524,154.8443135484588,171.77457088770456,176.25499221446088,159.13676256539998,arm_stretch_up
4,153.6191166560395,82.37372922925927,89.6608641936652,54.261209333479606,99.95808159393127,81.22072794980446,159.13622877266315,176.05255849114238,176.01919993173289,163.03958117052693,arm_stretch_up
5,71.49821524528969,104.46046803610574,43.27826004781527,39.33923545679502,105.98409109236508,89.82747372578234,163.1166301871151,167.4738964431594,169.76678553568567,175.8057195020776,arm_stretch_up
6,173.67124394092633,177.23953956041765,146.36506768324247,146.9873787452942,89.84371008311231,93.12184155271225,175.23284549363717,172.947842519554,178.4733314525469,176.5744313752841,arm_stretch_up
7,178.2639966952816,170.04192940153888,164.08587908478816,176.0509353590335,86.85504253530196,86.92254460057562,179.53107671269504,178.31381370869832,178.15699520788044,176.92254460057546,arm_stretch_up
8,170.99051081799973,178.11232381253612,155.88296623680444,158.80078665469813,101.11867949747808,99.91085977250212,167.67727232083072,169.25142283608517,179.38369466833387,174.83280797105022,arm_stretch_up
9,176.42981640589707,178.30672169122823,170.74403076399318,162.61337609552595,95.13637849242774,94.10811217713588,174.1322257544746,173.71714370825393,178.0113621435259,178.0640200148948,arm_stretch_up
10,179.3794296906035,179.14800109941402,150.57951195958918,172.69641559498518,90.95271216471383,86.17396389419739,175.36871631642805,179.85721230884323,179.98510848574722,179.8250242539087,arm_stretch_up
11,178.2466239948342,171.50227767241694,168.91870902523715,157.02937487441517,84.40675629000184,91.95719178286777,177.03882292642487,179.83255264163802,177.38683216629153,178.97095483548154,arm_stretch_up
12,173.72390709738124,164.0347442109599,152.17156647639527,144.68406959662062,84.82199763410672,90.74786762320369,178.9609784472982,179.01005691911598,176.81552377411955,175.3015142384545,arm_stretch_up
13,62.252652166821214,46.08317760741652,10.304846468766044,1.2004436191097752,139.4211683732345,25.425751419765565,132.41590868513399,124.2304391458509,177.20463396011186,173.34530554992565,arm_stretch_up
14,76.43251035346536,142.475460751942,32.38015271156748,57.83505636092045,160.9585876448324,9.532421474407014,106.41928470696536,106.84765954692114,104.72838744401498,141.66209640046324,arm_stretch_up
15,152.76903339353882,91.87478126486998,49.87301187316491,34.85652975780624,88.41654457819877,94.73064680939024,178.8987406311145,168.5760544262796,168.7513944325991,167.7095711650018,arm_stretch_up
16,157.82186730577354,162.193032051626,134.2523515967608,146.72459635611452,113.10029298308551,89.3171566843561,162.1164029776189,164.5159487287736,168.60400102968302,175.41353018995642,arm_stretch_up
17,154.74147242094054,146.97118022757508,90.75384833307075,76.86611603073054,99.42530363309743,100.56488246960076,168.00597623869018,162.5555280790008,178.20322641699818,171.75727178878856,arm_stretch_up
18,177.09258823520256,162.12943367401522,170.59684628989874,137.01459878787057,113.26414122922293,69.07265113449513,171.11251012900325,176.0073968315989,175.72696580336546,172.5355751746134,arm_stretch_up
19,176.49908942006238,177.66067936449718,163.6068558794784,164.47146703896303,111.13644418233537,74.28965597530677,166.7769304610982,176.84383928561923,171.20003474628632,175.32179133011408,arm_stretch_up
20,171.58870217068173,166.62779866017775,176.8105053162705,153.24214455949635,109.46111013600391,73.8715387443953,164.4439042891603,179.42726233994043,173.35184905211395,168.7771615606675,arm_stretch_up
21,177.28205028696087,176.71877093695372,170.822445354962,167.3713943580384,114.3153758071276,71.57332062522592,166.3119729606351,179.8030943195895,169.10951708862805,172.75063706126528,arm_stretch_up
22,176.02439424908326,171.8686720911284,167.46343354130047,158.7464151565037,124.93882322810133,66.12151691347593,163.77630740255736,175.4114343146396,166.36277748295785,179.90255402368658,arm_stretch_up
23,175.5118706372154,175.14690361300794,166.06184465283317,178.27115173181366,92.3656136613132,91.4535724560389,173.40752883758904,177.7394980888588,174.57762679938108,175.38568388243704,arm_stretch_up
24,0.4851347185658185,22.253853626531306,169.41611785005244,155.31063149211522,48.818864249936894,104.80147988848127,176.69384790103504,161.2376937879298,178.97730178564984,142.39378845883112,arm_stretch_up
25,174.59386595217063,168.25854572729037,150.15685920270485,148.20020298742517,92.33160213806028,98.02315748626216,172.67989162905133,171.67348371658437,175.98248991582588,175.51096131431515,arm_stretch_up
26,165.67403251618063,145.03832649935376,176.86831035065111,88.62108432964507,86.60194971242306,91.06310400020868,179.73592454628087,177.31319642639238,176.18223002331408,177.16631178490627,arm_stretch_up
27,179.7875845884249,178.56382547609047,162.52887556327428,164.31428735912283,96.28344662298954,97.74367204187463,169.87890627001386,169.21682142563873,175.60428183404866,177.0788619887317,arm_stretch_up
28,171.06102337097482,179.160338622626,142.45893648964253,137.1642176073772,92.05939610439756,92.23984557231628,173.31110107992123,171.22214759714018,174.4454579800062,173.06351143772451,arm_stretch_up
29,174.4563896923298,170.31298961234978,162.05636568663292,176.44826664517979,100.03129161540159,95.76142059920619,171.15999236464032,167.3093496740684,171.8797220249508,174.3132944211468,arm_stretch_up
30,173.6349227441666,174.76045631457075,153.7497576303111,158.3019632825734,109.12835859242543,104.60873692259375,157.51227268364477,166.59309614185833,177.12844550380402,176.62601032485068,arm_stretch_up
31,177.4796438726028,175.59097418047833,174.10187662719258,179.1148828121227,91.78991060824607,95.41186915231704,176.55778471410255,174.05762953100918,179.0635996143389,179.36777699007416,arm_stretch_up
32,175.07866326130943,171.9865233842308,144.73901907544135,156.85002931398196,95.71814173987528,95.7473646173607,166.75650939059076,173.2948719183597,176.49363830769602,174.28454492442367,arm_stretch_up
33,172.02958263098694,172.56208505323056,159.45463609884246,170.7947679352471,83.58709214557783,88.61611052180888,176.71407751363873,179.1279519990366,175.33204459480055,178.02007869818902,arm_stretch_up
34,174.684563700164,172.42929740933326,171.40872826706752,172.30047822502388,85.9917029282398,91.70165799624479,179.54352953745342,178.03133805421785,178.28835033355733,179.41576379861203,arm_stretch_up
35,175.03585593702113,179.1384471655814,153.97065241519934,164.8854513016906,89.84965819332386,92.45387324703024,174.75831191240042,173.26111237407312,179.36832609383632,177.6571091844266,arm_stretch_up
36,175.17813605623795,177.76444670364972,148.11181587062262,157.1744109130669,96.58543025424025,92.57406393103093,169.9314445496255,170.97155489624265,178.06896255318688,179.33508850196324,arm_stretch_up
37,178.9295779090677,130.66338840359475,165.75562539950002,75.28285402705448,82.35045440181041,94.12304970201104,178.94493535727284,174.89578607912264,177.05163498276247,173.7013604364804,arm_stretch_up
38,178.54671902615124,178.41929602091466,164.74161443102173,161.68558413275846,91.58450945068267,95.9005965174324,172.455704198072,172.49040529367795,179.9090277361197,179.23116640399118,arm_stretch_up
39,179.80163510229204,178.53975376720675,154.8161603531913,154.3062445762765,94.46419815338777,93.20030856187033,169.1363726164791,173.23876148996277,178.84043248854937,177.16557561677485,arm_stretch_up
40,178.23098552895786,177.52574725909304,157.3633140262221,170.6447683233218,99.29680833890225,96.73724123973999,168.92430371133693,167.04608636170778,175.40614879499785,178.91800293711898,arm_stretch_up
41,179.39869443537026,178.53481506075008,163.11833377945248,170.00676684521366,99.70039194394577,97.70933308003393,166.61612166689375,167.56826004005032,178.5933952665736,176.27207686112632,arm_stretch_up
42,178.9945874170003,175.20280066976264,159.28149432916996,177.08814632723954,101.20765092229729,96.4125016633066,165.49440351406682,168.32859263638363,178.05029370578336,176.4664967208893,arm_stretch_up
43,172.80527464547814,164.87925587449257,178.07500948950917,174.4321090429794,91.43209618416465,93.01278750418334,174.25614191385284,172.2423132903602,177.56281781058124,178.41930867998164,arm_stretch_up
44,175.460392540646,174.31023583772648,144.2846920449071,155.81162899327026,90.36273345163802,86.37639577601628,176.20780614302774,178.9950284587905,179.32671502631425,178.78297599171708,arm_stretch_up
45,175.69641990109372,171.41023433945375,157.77801601379426,173.4841251719868,87.29836572460593,95.84188963003896,175.5804511465737,171.7302760811752,176.59113682584365,177.09886548663516,arm_stretch_up
46,176.23596513509438,176.86129681945656,165.9311186663284,177.71640891843228,83.93263174034564,87.97497289545649,174.92039213998552,178.38621679481133,175.8914140710651,177.54894469094666,arm_stretch_up
47,7.776985370631838,34.543892574419544,170.19627002011327,164.0231319162453,94.26706700923116,84.4066186362964,173.75026055852982,175.69606993234072,172.02038261659976,175.91093220719512,arm_stretch_up
48,19.55052710316738,27.388028420989816,12.516720364616484,156.65189704745606,38.12826299691682,123.56969841837248,179.34749268570766,178.01520640072454,176.055610988658,174.28029155587205,arm_stretch_up
49,19.387884557826542,4.33661732155022,5.042451069169509,95.13508400409698,110.56765060316245,44.869485921608906,135.61807367823928,114.84092354534232,137.88192333745576,161.2300852356357,arm_stretch_up
50,131.3935951164354,88.7521880462266,126.56932299382908,107.19360877463482,171.25208041381902,13.489892137017845,38.05012706831967,55.98441782430813,151.9634341794688,145.1115383826579,arm_stretch_up
51,45.99406083294237,16.43381018090004,112.80866692284529,84.26329908174083,71.64987092194524,31.151303422023943,179.9367130822576,103.23456834363772,53.90900001194164,167.68713013595666,arm_stretch_up
52,135.66579581562297,39.37782963364854,56.05041253336434,45.21620946246237,33.49762265502683,15.422018205587255,3.2069504904655264,134.01580168724956,4.251981002416603,53.22746879443916,arm_stretch_up
53,172.06949569720084,179.2787138012527,153.22650670653465,151.26471867501755,91.46880071438585,85.95783982243736,176.08842818747135,179.8326110534688,180,173.8943459529323,arm_stretch_up
54,179.58337260311626,178.74554837731887,163.73161660649438,159.4673003142221,91.06091169026423,85.57262764630597,176.4725319496257,177.02626891751996,178.80651057601887,179.5096596778427,arm_stretch_up
55,178.86472705176945,175.78775166069906,168.0354423851607,169.5485235774808,83.69574538894243,93.56081638890936,176.842859993036,174.70639439281626,178.35856724109507,178.48459209997793,arm_stretch_up
56,164.01509561333367,167.70935111198344,140.8293714685374,145.67771298725907,84.55054705157767,90.38686895218287,177.49633987826934,175.64830279708968,174.45655933695147,177.38976137997057,arm_stretch_up
57,169.22574015244254,178.96938917362726,149.1754027382628,166.59394487195405,94.52310113528371,93.04024556634627,174.45993572575335,171.67084374724465,176.80489406112503,179.8771096426445,arm_stretch_up
58,178.1059188356399,174.30829744147732,164.85318553165166,179.79747328080938,86.42366562500264,91.26599900039474,177.9566250172879,178.21076641742118,172.96588893908125,179.80654964540153,arm_stretch_up
59,176.53268514639345,175.31312374873715,145.1196570421154,145.05141411602347,88.55144991372234,91.24837872351904,177.7401219291474,175.5488797194645,175.24958423928703,177.37712249153404,arm_stretch_up
60,171.38143799559316,172.8873855904392,164.76566868915364,177.86382125670215,89.52649194126508,91.96413989399724,177.81835859644863,173.82052509929028,178.76359239714466,179.34572503152992,arm_stretch_up
61,179.80988229661202,179.02941089822787,157.02110968318306,160.74731084292168,86.79003616044345,91.61124785775667,174.36986724652203,179.2108826710885,177.24454490208967,179.8815796804869,arm_stretch_up
62,175.99819903245844,172.844492896191,159.31631292167344,170.54430116382508,94.85050078905397,95.83292906632627,170.9793786386332,170.6189413342499,179.5197062944755,179.68000011957858,arm_stretch_up
63,172.81615132992144,179.04642432035334,149.6265996686971,156.08796816570964,84.90947212326009,87.45769629183262,179.23310914962246,178.9796487364782,175.7831335815047,179.39736438483212,arm_stretch_up
64,179.3671704213026,175.62662714230925,166.48939113853118,167.09822943916754,92.993300840121,90.12129170916091,172.67804739176438,177.27218640821818,178.29956318280642,173.3431696462798,arm_stretch_up
65,142.00645547374214,147.72435568542235,106.77343227612256,107.24796510795177,92.57335946317683,93.73139699916044,171.81736609037748,171.67434966957313,177.43698097074946,177.6830262122421,arm_stretch_up
66,175.32892801018684,177.7134005641629,158.344908423742,163.87101790107295,87.16254347645142,91.9264126976102,179.0581242165398,175.9247014553574,176.02725742105292,179.64241246305167,arm_stretch_up
67,176.98721249581624,168.7283476469003,173.11827636936303,173.8060950328488,90,91.77146974003406,176.98721249581672,176.96485770830762,180,175.1344722010485,arm_stretch_up
68,175.5607169042581,166.22573598686873,153.9377646722475,142.76272130164355,98.68031875916513,98.93983587158853,165.32549443453505,169.50442918291608,179.53059308473846,178.07976901133148,arm_stretch_up
1,136.36259937356414,177.1094993366723,146.6058190535198,125.87906504501278,111.4082368613998,77.08608019356733,151.78838489156382,158.98239739225514,174.07673380717046,174.36787635249593,arm_stretch_upper_right
2,126.35912582033605,155.4113393113171,143.33855314540787,142.03781282779377,109.12869414251197,73.29522705752659,151.67817713884503,161.176537242789,175.18966160676916,176.57179090675046,arm_stretch_upper_right
3,143.59229281015027,172.35118633114047,154.13273921696546,139.7013057665154,95.77516565486452,80.21910201903324,154.99077685099718,159.14962605618163,172.29819623954688,177.13375902181562,arm_stretch_upper_right
4,147.55529674078855,171.00172924169902,157.7955965418586,145.7993133589088,98.25122821378136,77.35107649344448,159.03171438116584,163.52924832391756,174.1668716985515,176.3902979192908,arm_stretch_upper_right
5,151.06370003854494,179.29254730173804,147.1062969418752,154.44089976152017,100.5306431594063,82.4586643328425,155.11162839669396,166.57346378723798,176.6723185468216,177.17543874428478,arm_stretch_upper_right
6,160.39937500845872,173.81793756123008,153.79012124629378,160.5993613016455,91.32792654972117,93.41619305573123,164.441668835814,179.90724420626267,177.07773099573035,178.33574705751542,arm_stretch_upper_right
7,154.86901975578186,179.09905537326128,156.19047713424052,151.74076099463943,128.1070536224362,73.87846197837102,143.57043567303558,176.16340293368256,166.9688240371307,175.85634701043585,arm_stretch_upper_right
8,158.39717726121003,172.41278676169782,138.21064466534722,148.88503067723423,124.96543671588397,74.26159515830092,145.135413295773,177.56630127489265,168.2904224309496,176.88500278174865,arm_stretch_upper_right
9,163.72613991731373,164.5740531383513,120.77712936574007,133.35928896434206,120.3658438908343,78.63588201204777,157.6890778417815,179.89869792990515,173.24556855719004,174.97940785518293,arm_stretch_upper_right
10,150.98911437402904,173.47215899211508,133.96080351150678,142.82805602300186,119.48929144369421,77.44987962082477,154.16378299558036,174.73868021389706,174.13263753771778,179.55810229866177,arm_stretch_upper_right
11,156.26707539401357,151.856262081357,138.43602089973024,121.258368204429,113.41716798699824,71.63318267686405,166.02518646957841,172.82487727693533,171.65243109713188,167.53247756572853,arm_stretch_upper_right
12,143.2869654192778,169.5603920246141,125.43584235195598,123.66718452060138,122.25706687736482,60.6230985909061,153.24982401801572,170.14383043908413,162.43563963524235,179.8638190647878,arm_stretch_upper_right
13,178.55199990103506,103.1432949532444,125.05507032282883,125.26305960094459,175.41187783667516,46.81754219566676,30.195193903270365,70.8526437025647,4.334969257876749,52.673011631918435,arm_stretch_upper_right
14,164.27902737326573,122.68721090309846,163.92210440452052,157.97609776898184,124.08492448179055,105.57625051803018,52.0861871595153,10.74685142848976,145.25154533001336,60.003429139565135,arm_stretch_upper_right
15,164.46371066105314,143.01780375497574,111.03099935371202,124.08119491202498,173.02912874224683,1.5438359354938909,59.873678930733014,55.392602006901626,133.48232638113416,137.7254320143591,arm_stretch_upper_right
16,158.63524872931197,174.77531755111343,155.88272838679669,150.8958387790299,45.429066713446616,132.18156021915192,69.14939767742615,31.77441714918052,46.318245333574545,104.3418609542539,arm_stretch_upper_right
17,114.02053871772196,113.66341537360765,112.49684029680239,110.87231981079402,138.3687653216784,106.04800710731212,25.879841113353645,84.97242205419853,15.686462669493825,113.00255595211557,arm_stretch_upper_right
18,159.71689433644605,168.66863251780913,139.77942076141767,158.94857937553735,89.51962515998518,84.76231525708718,163.82548509806435,162.71081401525308,178.2465951399286,176.03534527714376,arm_stretch_upper_right
19,151.68721488722244,148.12208599667855,155.58085932782546,162.17880909484592,96.17665295875807,77.59738249985838,147.29500039438514,147.61844688713887,177.4132441522893,176.104123977429,arm_stretch_upper_right
20,166.90858648652872,179.3919859802951,157.00542593158187,154.52409099281854,99.38181027535285,88.11932176181335,148.2174964462598,163.04772510734188,178.0035320701179,178.41618842913803,arm_stretch_upper_right
21,155.1501177240089,155.3073209174276,168.0863073947443,151.38081420258945,111.84374886864187,74.85842807558943,133.45637483637475,149.59020720502323,179.28616752707302,179.0266216724788,arm_stretch_upper_right
22,147.2269999860669,151.85406874672145,131.90523248075604,160.0983388818461,101.09103848831971,95.02839063223317,151.14433878028345,174.0460958458429,179.76160007408095,178.48049321877534,arm_stretch_upper_right
23,142.64558299911127,154.16050384238565,142.69605172201662,163.17889464310437,97.13833991571374,79.17486256952671,152.54901716016715,156.04628160631435,178.74136913216,175.86679682021318,arm_stretch_upper_right
24,110.19509178934608,162.08620850140736,124.13457740946575,157.84347855702444,98.40301808030098,76.89068491052375,148.8776361992502,150.6127660659198,179.4355689124072,175.0171174119621,arm_stretch_upper_right
25,147.53161672868336,164.7513452808429,145.1911012429049,151.6354694429756,99.77253626169163,81.5919008527427,152.28913350720077,160.05470173260608,179.69973997622859,177.65466926815833,arm_stretch_upper_right
26,158.80711584360256,161.81100871265684,169.74064324942685,140.70207897901716,97.37354736211374,78.57289840605488,152.92275508407695,156.27117211187144,178.21089236066135,179.88471689699404,arm_stretch_upper_right
27,159.30831614069388,144.08101292119736,157.3511763320271,160.75812172197564,91.4154026696889,79.35574571548622,155.98170002720863,155.41511836331654,177.36365708489657,176.52672738105167,arm_stretch_upper_right
28,139.5891743288846,153.3216107985707,164.70674808163355,146.15956944725602,100.94147594868252,69.4266881973148,143.43071310953084,142.41811028381557,176.77804063808625,173.28951881850656,arm_stretch_upper_right
29,148.8200340054641,154.9266557850336,176.83727692732887,146.9973366101844,97.00661059625904,84.86843149073009,153.00203888484566,159.9850999598579,179.17127059371427,176.28926960557774,arm_stretch_upper_right
30,114.40057164853205,160.4981182750026,122.53106246708643,173.3259573764284,96.531643630778,80.75922036866015,149.3359377371335,153.7034262893864,177.56512629566222,176.9024472499122,arm_stretch_upper_right
31,149.22502834896713,155.43921154754986,161.86073935537584,163.26513614955738,95.11119998639015,82.35464180138928,150.03221560551245,156.4652607879645,179.46591165200277,179.07079820954405,arm_stretch_upper_right
32,158.66202312337933,152.41908055513142,174.99672623104462,153.59779057926914,97.88141038963381,86.39795477344528,149.0861650953972,162.47244904840775,178.7684852562349,177.31292015093516,arm_stretch_upper_right
33,150.68155189681673,167.5894221147126,158.99737735904526,144.10733431225444,112.93175766722986,85.29910888366702,125.27047755944066,151.31663765710434,178.09245611792372,179.9689327510388,arm_stretch_upper_right
34,155.1229791799963,163.51988798607198,157.68011021426346,136.46441636203443,117.17678393651536,82.86068671184691,118.01701713109236,151.18817639951297,179.10715103942277,178.92461674599483,arm_stretch_upper_right
35,166.98659900560884,161.68936450602988,178.34924147351015,170.32069235225532,104.87197740333464,78.64279672156556,149.6105709987434,161.95038598279422,178.5405019785943,177.929853989163,arm_stretch_upper_right
36,168.41063287581306,164.16761337957774,172.18837325213576,171.425753212732,105.4909024729344,78.2452587197498,150.3378711705403,162.69865016726237,178.08477198465957,177.28232315502945,arm_stretch_upper_right
37,162.070184154156,163.03534730821002,166.81380595919677,167.55467587085406,104.35244642282309,80.08727867247366,148.13935164781597,159.64241623513843,179.5112412215401,174.87188373747858,arm_stretch_upper_right
38,165.5157045093972,161.22845243214877,172.79177349784823,169.9938775164166,102.59566878423674,81.06148498752448,152.21317325822096,163.39759524290233,179.0780389132954,178.8680023017933,arm_stretch_upper_right
39,152.5973130479147,158.67553822925058,170.4715046574246,178.35255636316634,145.05931701979634,49.14280951900952,139.75370255941965,153.5503036571237,145.6191935708664,175.27107715203607,arm_stretch_upper_right
40,138.52617457877807,153.10376303450656,139.60575898338556,136.36392753160294,102.38741174849694,74.83927294056343,149.7636936945215,153.8605262549586,178.45289370583498,179.76447717364306,arm_stretch_upper_right
41,142.23830110430214,163.38984309867942,164.99391234566966,162.713086977279,94.53622557955079,75.65724334322014,166.8913489466842,175.63151158877383,107.03946302788515,97.28691665155871,arm_stretch_upper_right
42,153.55284120698423,157.4632351909915,165.22634710278064,145.75307958039687,102.99200388697885,88.3480921954751,139.42586526740502,158.85346412824242,179.3296867220424,175.62853942636187,arm_stretch_upper_right
43,151.6388056704263,163.51092669814474,169.50722608688957,144.91117845682635,106.75045206363644,86.89179994838372,138.59815615893814,160.12991122369328,177.60480692451696,177.91502447729604,arm_stretch_upper_right
44,162.9657803151257,161.51662487473698,164.59952035462868,166.2849487956233,99.45661147551058,90.79958578814244,151.75534011383755,168.79438621926502,178.76615919878182,177.43090375536886,arm_stretch_upper_right
45,151.63567309878795,153.7221940046599,165.4989686916354,164.65007207656865,107.23678040998756,87.61647545271911,151.58146537981582,173.4921783046564,174.79230818057758,177.40098887085412,arm_stretch_upper_right
46,158.04784301011227,149.89261884647198,170.1418330034686,161.22531087293035,108.20848447058081,81.85064718867397,143.6757599475717,162.81292100853662,175.6172856519886,178.66622201006228,arm_stretch_upper_right
47,161.43563208237416,156.24653847954747,169.49223123180752,156.70805303156536,123.28142470208088,87.77516563545335,115.03645354317553,159.90142199426018,179.66756101392366,179.92018238802834,arm_stretch_upper_right
48,165.1152566470737,159.88995611089356,174.90487999919486,145.8303991845393,113.80284773223632,72.8204670829651,131.11898718568938,146.6766732346268,176.29153098146523,173.65400438665503,arm_stretch_upper_right
49,43.47497049998809,164.0989106603035,54.28244826572237,147.94650951563688,135.44761417086053,82.40772745854805,115.92900118886354,163.92126341384025,171.49872876586366,178.73574663799013,arm_stretch_upper_right
50,139.31376259598207,159.12840293026792,158.65262692980627,143.05422883693697,101.08489129224235,82.88570090496805,143.79489696544334,155.36013253124517,174.3786042270732,172.92342858576183,arm_stretch_upper_right
51,152.59242456218155,159.0559107922248,176.1539699099523,159.66458725718832,90.24574086651936,79.45266017247698,175.1910293792429,165.43682566911696,172.68364764666444,175.76617583766713,arm_stretch_upper_right
52,155.5087411283576,150.91171611045124,177.66322938034585,165.83926314054818,109.97550534393878,87.47782381354257,151.80967706618188,176.9673473745995,171.90550806761087,176.2462118115637,arm_stretch_upper_right
53,133.3864610671189,148.02631367508957,151.6770623615002,146.0937230115579,92.06450799085091,82.2876898517405,160.29562665741958,161.56505117707795,177.85388987075368,179.22082543496285,arm_stretch_upper_right
54,161.43747352130083,152.78810149953722,170.0610602747962,174.8907135775659,105.12935206384667,78.71850281003954,150.7940939856633,164.76368987633188,179.81782007496847,178.23156254553422,arm_stretch_upper_right
55,145.86071734341803,155.31638456412244,154.54889304965548,167.45323850743523,101.75508037977994,95.25559797841998,151.2259246504924,176.26587635888524,177.79871913274212,178.63646035247572,arm_stretch_upper_right
56,162.93576746451984,159.48635122686377,162.2188793075024,158.46233511497587,108.61316218136919,88.89884377734565,133.72169618002425,162.58145925649515,177.40537088085128,179.18370723221815,arm_stretch_upper_right
57,156.09660864380083,163.55419164133576,152.29895453082977,168.1343499363145,102.93420650021548,92.51672763558693,148.64370114723886,170.30729410376475,174.92767406716257,177.8878344279096,arm_stretch_upper_right
58,152.0862254261026,131.45862586239815,152.27499768514028,142.2164524788129,87.13059857949106,96.81032476455314,177.11302797844618,166.1893841959536,175.35495703972418,172.83792517595543,arm_stretch_upper_right
59,157.61538626167373,133.94674659011025,152.84822137975013,157.20419253196658,85.68868401350063,102.14106072191716,177.67432964710056,167.64258137249809,179.82099280457436,170.85111122877515,arm_stretch_upper_right
60,111.64641677285937,150.51416653242492,128.62655475839665,128.95364725488622,115.27509469474603,70.73703251973268,154.09399697373246,166.93400954359677,177.30453781540456,169.64295990533697,arm_stretch_upper_right
61,114.36010367928907,144.4470009915821,124.5765000724382,133.44011265291883,112.3273082578911,71.48952954307357,155.15928297491268,164.05780343158585,177.30684885282906,179.87234596253725,arm_stretch_upper_right
62,154.89094111257708,22.751580090313244,122.15733674883074,171.15959288555467,68.5188461560641,136.01706783503087,146.41425110355888,178.40576116312965,122.61505520551341,148.87317777464074,arm_stretch_upper_right
63,142.31708193415324,4.592382813302568,85.98518022059885,51.55273792848041,96.2116251951433,134.32641588990478,113.75570811170294,170.31950096102102,112.1850211080942,172.1857049199628,arm_stretch_upper_right
64,140.83944221364933,173.21285298953902,127.28820758457113,137.42246444496777,98.6992255927291,78.47179894560759,157.6206406041748,163.7778761183086,176.52167195164134,179.0640338813628,arm_stretch_upper_right
65,160.24075042637415,162.47716285801846,152.98131000834556,148.4086006173816,117.17192096934573,84.32951335470216,122.39097424103942,153.750753210455,173.99182668477016,176.11546183107762,arm_stretch_upper_right
66,158.38560509520156,166.43074985235478,158.90019122771903,161.57102384249083,93.42635766320383,80.4266082078849,170.09475832183048,163.56969566924218,179.8668230663803,172.37469321439988,arm_stretch_upper_right
67,158.0866004144357,156.49427261614102,168.53756961361432,156.33655313138553,97.06347418190003,79.19476643244172,160.68317646508368,164.5457261132634,178.84266693187178,174.31745693284392,arm_stretch_upper_right
68,144.6001184298787,154.1858946370644,135.79388608947545,136.7566201028519,114.99217940515426,86.62132255226372,138.14191022830622,171.49721108880405,177.0991031014496,176.88882351852956,arm_stretch_upper_right
69,146.915147071265,178.09332194099983,120.5406048496815,119.60395181465431,97.72422501127664,94.37837328363001,148.8572382849266,168.98196489621637,179.24450812191083,179.38394009160237,arm_stretch_upper_right
70,165.6402523122838,164.36659057454196,175.29856608820154,161.71513800998355,99.46232220802563,76.10500932328455,145.82745310382538,149.80920980933456,180,176.63815598609784,arm_stretch_upper_right
71,134.1643023542056,123.97423521213199,149.4248032167998,177.52121089142247,124.47192240526122,79.37776505299216,135.64449998115967,169.17269871489952,172.5707767059629,178.90238844274847,arm_stretch_upper_right
72,142.717286322033,148.8473463219911,138.18240209003415,161.4070876322109,107.16176835824764,84.10882554680842,148.82917155668156,167.49771250439014,179.86286826585606,179.62680365257287,arm_stretch_upper_right
73,148.9390143596588,154.0097943327072,153.33237645443361,157.4320619183092,93.0856247139412,90.98150264395458,158.2634886180285,169.28452768988046,178.13952410806846,176.47423018630673,arm_stretch_upper_right
74,147.9074086712658,156.2334415205108,158.47739989209302,158.77927109954086,91.43209618416464,87.28057487431032,158.9624889745782,165.02865130622743,175.1792339219071,178.71267105847562,arm_stretch_upper_right
75,157.9785543723339,177.22692240540306,143.30567620555604,154.57537491610938,105.22278474513979,92.27818450416696,150.782702136083,174.83645606846866,177.12271477005902,179.28477040342665,arm_stretch_upper_right
76,151.17889753030934,154.59004826324912,170.76704820934742,157.790969582986,98.06656464220953,82.81146285726335,152.73910124848604,162.63587563186496,177.19138505936067,177.40813329476438,arm_stretch_upper_right
77,155.2464540202381,154.13356053111474,160.4729096320231,170.8094343921053,100.4462857139699,82.07349184437386,155.89196051935738,165.53944541948312,177.02434809770392,177.17286425673572,arm_stretch_upper_right
1,146.69270421350421,135.06301469654068,163.61814958967298,163.56309968955273,85.73261237139822,94.5328722292842,168.34429180701278,178.10032314699913,174.59648428041385,179.637291341638,hurray
2,155.07067779870175,149.5391501730873,165.2177540043795,157.0608994672083,90.70559449956629,89.99043327840319,169.61347691918726,176.21587684722277,178.86867884653637,177.2055378027545,hurray
3,154.9942821603075,152.91929390645953,168.9181980487742,161.4074416143793,83.99493112231502,90.80540748930392,179.02690603246072,174.1678291691718,175.42420753978115,174.26258940457365,hurray
4,159.54369568065107,152.30052719194504,170.38286409095895,162.75112974749536,84.8449953903612,93.01479232518793,174.84318624934497,173.86897473113808,176.80141611785422,177.97011321368947,hurray
5,141.74518254372623,139.37388049540814,152.8375932916276,145.3888578154696,82.77914903846833,97.78614994675661,178.1990648277508,172.7517577303415,177.69093721097397,177.19065543886617,hurray
6,142.7357259663554,138.38085973171695,151.39006529467818,145.5794973436837,88.38560592982329,93.68572876206134,176.7348907567395,171.89379677664817,177.2491845203221,179.84045221670218,hurray
7,146.54372375222945,172.8401924987409,169.17913535767357,177.6668454932534,104.00786925964871,83.19886538372707,165.83293454920252,167.8385182882304,153.4994534032955,173.62388167566576,hurray
8,143.34212045344012,165.74963276151115,165.65797652347854,179.75486769083912,100.43387565904627,92.37786662870043,170.96895857140822,162.31209324447147,165.63099354326016,177.9895067397615,hurray
9,131.14133413554396,138.02730966618128,176.19288444185463,175.16962207248613,106.38271125416624,89.98693853888298,165.10813336999942,160.7786811482834,167.54734299637198,171.29032775630165,hurray
10,153.5482324239266,171.02927452355667,158.10393713985258,174.24155232537748,100.93499599397525,91.75883693456005,163.87233696473996,164.42073719729814,171.65708423475473,178.3944136113515,hurray
11,128.27997054561013,125.70915696919342,161.44753492992118,30.145301070384928,132.310951821943,62.57664929289052,27.72293498428197,152.48799737614848,38.0720375867224,116.7535234562079,hurray
12,122.72078281218359,117.86087468863515,141.89205056474196,172.18522621513054,138.39923925264216,44.83966843505004,37.376444983209645,63.538631190464656,49.60440372905998,126.80573666536984,hurray
13,131.65959654510564,131.7314441349858,137.14060494837284,143.9771874894599,115.81285221298349,147.042575142885,23.756963427978803,104.14553555459588,39.743193006600016,29.217921494183937,hurray
14,123.87295126087804,138.2212387704575,156.36498904991248,32.29762430399604,144.15587272532184,175.07334050528732,38.886001414675825,79.23600403068882,6.275850639308071,12.724719423115257,hurray
15,124.91659170487851,103.20299079762249,158.00502757124974,57.66646916013345,74.6909665367647,87.43180093734738,177.3062600145796,170.79405994898957,127.65181996395441,163.01122661295526,hurray
16,113.7849914785155,106.55486251589734,155.32372900094896,158.25791664305424,152.71503348927314,98.36776392254744,46.74772555935676,173.48813763433438,60.07223954680395,61.92188871510643,hurray
17,149.7221274504714,165.60019967952636,177.32880767467404,179.0286505946786,99.55585033899993,81.21975890631973,172.31273818283805,169.51084693824504,172.91794193058894,179.06390851630564,hurray
18,148.53058201066813,160.86688238011706,174.28913931885575,173.90228052133526,98.97781509536057,82.24856412412237,172.75514722071864,173.63124358011277,177.89559785729656,172.16783405931278,hurray
19,143.29073598038298,159.0052909711644,167.76864290164514,178.32575745841757,96.7285120937687,86.83904097113032,169.83927119992737,172.2199347524214,170.6989980557585,178.96603732815836,hurray
20,115.98898228565817,123.61419465593652,141.50830271998254,150.91460676980526,85.40164548999,81.07553045812502,175.49270512047235,178.3967966326646,176.41112172922308,170.85253409572704,hurray
21,126.21403457030023,126.79599737419457,155.23881525382396,147.69079049915484,82.52298187294296,89.3000863762891,178.33565484458157,178.93230835372964,173.33796977177812,175.48601154199895,hurray
22,115.54807314635882,80.15542936074092,159.82934658814955,147.7736813207166,131.7970285328895,58.08406781297517,110.02246345176523,127.84073778943825,145.75250853833188,135.92221730919678,hurray
23,103.06748686184656,130.7036685395316,160.3609158146132,172.14586818973783,137.43966284489164,100.49622887328023,112.76721316760063,174.8685267026569,158.16156491096507,106.00802786497049,hurray
24,111.63899895650293,151.81322379325238,177.75007726551192,173.96013127991478,159.65651454608644,137.8805188014435,26.632262566073965,157.30464241333675,157.86693702890696,178.27932726830429,hurray
25,109.70787989179733,123.67077277018011,152.95207718420892,153.82293478886336,81.6985100794055,111.90317808183917,154.03930095882396,178.33851694208659,45.42680649298778,47.99058711980153,hurray
26,101.36809091743254,104.70935464441868,170.52063055073,165.42290620769356,90.57132736878384,88.75463573323168,176.01578278830848,172.51496104962692,176.723400899516,180,hurray
27,161.91391409834125,172.74023166793486,157.41768142896592,173.74858499042895,84.5769907174056,92.7643160380343,175.53557884283526,171.4835127537036,179.22727140770348,179.39300444518972,hurray
28,159.57692425960164,160.96827050369942,177.16448252826208,178.60701179676917,85.51129798243323,86.81211878936878,179.85948334850855,177.1578230780653,178.0908475670038,176.65573075499017,hurray
29,108.58957553718348,115.33642479674776,154.34272851835655,165.25204432603783,90.80055721194348,97.17698922406841,169.26843221619862,168.92808750133213,176.27659460124957,176.87020427103508,hurray
30,134.28828779396432,140.1953964149876,158.8387401831717,175.90831503751124,90.99361996988331,94.15459202501395,170.30841947759743,173.42831890572367,175.50284838533224,173.7398332612047,hurray
31,136.41371015457938,139.28448300164473,173.2124107248214,170.3912750314514,86.12285585225258,92.62962872835239,178.42477352871882,172.9641501390222,179.42033627804048,179.37839466692483,hurray
32,114.11247758356564,113.62098237568107,165.8939262442685,160.62251143369585,90.89841265080456,92.6586399549348,172.8380043226114,174.6856577092364,179.3531945536638,176.4630125267587,hurray
33,125.56635208987676,128.90126016243977,172.22248260750055,175.52752431716345,89.81336945643443,82.14275202125401,177.20729763428704,178.8000252522385,179.6919611425989,179.1850933017533,hurray
34,110.30844183652196,129.93232501296959,126.43642252099704,134.48438223539912,95.46455038255712,95.694545023778,167.5606840941754,171.9239301141155,178.69086225417314,179.99270210452437,hurray
35,135.64457550507927,151.36656960500696,176.77719748813254,172.7959550398182,82.50166252447316,83.75559084375988,175.98364873368715,177.30388639680856,176.11458757050053,164.42524288624006,hurray
36,126.3643658009298,137.6825068896632,149.7332380324895,158.85103013997875,86.27063426185593,96.83895700155865,174.78935623479228,170.31622555284147,177.0237575919175,176.0827604508425,hurray
37,107.35711559775552,113.12365143708907,150.3653548268169,160.34444510850267,92.25262426102532,94.86084620975555,170.34117055732375,170.73384081467583,174.50767544287254,174.94667686653597,hurray
38,132.09565665762833,124.27892679706612,142.89689459942923,160.18891768861877,83.23505695328767,88.07179759731613,178.24134011797312,175.61647794110183,176.58308013946166,178.0073479287582,hurray
39,152.961895340349,145.03319222287976,178.21175148793392,175.00292705770735,85.41533712426825,93.99091309842979,179.59563522896337,173.31027348010724,170.407365232228,173.89739173690722,hurray
40,153.48807775942217,160.70190322873367,160.66283001554783,177.0262689175197,76.97439511227715,96.78936232901547,172.0220589430323,169.8222077680204,178.54897133714067,176.23095176294527,hurray
41,116.06802105921423,124.376929788844,148.5401385649046,162.4072002026766,83.99312176263162,83.46626832167279,179.11077131419054,175.2474945150641,172.56448053089673,176.38473908408687,hurray
42,148.5506192519677,162.36096206704426,155.74648474407894,171.29695894816052,81.51490975007282,92.73805714733034,178.73736155385708,176.54753372780772,176.82016988013606,176.41976257024106,hurray
43,128.81431383802158,123.0332619297602,134.96060792678898,151.71591829468883,93.24019627614184,100.74365441719378,166.31875925569832,170.59341813248142,177.9016484258456,179.79269170830972,hurray
44,54.12581802324799,159.39061090924747,62.34257692821923,163.9203623085929,94.46593622533528,95.26660739543497,166.50347410613418,176.41987493672838,179.777428410949,179.61167965214108,hurray
45,170.61917581744146,169.11633023108908,166.1718419794492,173.96328177395424,90.69766603051703,88.85849763672442,177.19697868426687,174.63936707033886,174.3989588886767,179.95139719339016,hurray
46,124.04359959204,140.79086627699502,152.09984442092454,170.388053540879,82.93193292596786,98.07367186073476,175.5767445303988,164.66818571516896,174.5165156394478,177.77603875961384,hurray
47,143.0697570935494,160.3445117698971,179.87105247686063,169.47602530763362,89.3489396197705,91.75276649543586,175.37762975831583,171.38351634057375,175.33314162856126,175.75333642009596,hurray
48,122.33374551660498,126.42598706910219,143.03022602386096,127.03688616772003,94.47752887712053,101.65573287026706,169.11106262634019,165.73567133149794,172.12433226536456,171.02218156335053,hurray
49,114.22168989075855,116.15230168850245,161.8668854632091,162.27823981209556,89.99514730419446,93.12682858520061,173.29619015033026,174.62582226001658,178.76243374054263,175.26698733753852,hurray
50,160.4933070722803,155.65043686320465,168.4258712144165,166.96155021465952,101.40321701751873,90.69244609590368,161.60039959214706,174.60897381928373,165.60393304695197,176.72368650125424,hurray
51,134.26875695043927,147.58526767747333,167.37184544835551,174.91613708780386,80.62383679396783,90.4350618425219,177.80690885730667,176.5041911471045,171.41922898189426,164.46434328082032,hurray
52,135.60841271956792,140.58239090669045,178.17354872099804,169.94838930924845,80.29535287944162,86.9630215090806,177.47293242667544,176.08883294469294,173.80636544061758,163.19476952771655,hurray
53,117.84384428239609,134.4784171204863,150.9555741771835,171.44063008217992,88.76136532910311,96.8182145716519,174.61275996527945,171.1772513962423,177.80119076243724,179.43217142038435,hurray
54,151.72442602785102,148.96551098477198,170.07118234036307,169.99985585612276,82.86502840165947,88.90053470007832,178.5258016615602,179.09601595971517,179.69263714759686,179.7172470062257,hurray
55,160.7722505552798,161.91644592408187,179.3228460575619,169.81360299526747,86.32829990162931,87.89005715186676,179.19680359212376,176.93778202303645,178.166222240393,177.89005715186696,hurray
56,140.68474823349877,145.42557664497144,142.6069479296962,156.7612107438922,86.47300025691892,91.82351738248227,177.30843060146628,173.3531911314113,177.73204546409437,178.84954197978183,hurray
57,128.61411578099393,141.93500130003082,162.7981697602863,177.00592685114478,83.24542533960857,87.67795131595844,179.95789729324792,179.136556447169,177.96190858326972,178.73302510163515,hurray
58,130.6668068044726,136.20904007403928,134.37395189341797,141.3538356862753,90.68554218239676,89.78322687089353,170.56686231715497,177.54164271238685,171.59662890943903,177.040279327178,hurray
59,154.6705101236939,148.68861311355073,174.05313694602648,170.89214285481495,93.72609006876048,92.75634032993173,169.94094889248854,177.19179725668693,175.29460796946526,175.3084711573785,hurray
60,142.2947216505075,166.28231596326629,146.97860761989668,174.98592450942408,95.11392978449629,101.65351562139867,170.23263074547702,162.41979425485806,176.9064945624128,176.9290766733315,hurray
61,160.96244788456073,154.8188176340284,172.23483398157484,172.0363471503515,90.58863455854157,104.29707222537941,169.80473465791496,166.87267904732636,173.5234332826996,176.78209598631042,hurray
62,136.11870694286617,147.9330644535041,176.92228452105036,158.47988081956385,93.60699568825656,90.04042640762383,166.10072034533175,178.06538140208082,174.3573245605109,178.5727557906912,hurray
63,148.15687963169654,142.27157318241188,154.34272851835655,161.09105166491844,92.11526439028101,82.53854884496761,174.61332017848056,176.83493493057907,175.25983296923803,176.66901749154073,hurray
64,143.47201684322602,145.4343241340178,180,170.23106072027414,93.71528910542877,95.93152692491975,171.73094291541267,168.96630782272194,179.4210692629055,176.52250474960726,hurray
65,163.70546509812996,157.3435943812038,164.08898757976743,175.97377311848106,97.15243934274578,81.12976552950781,165.63501386368787,173.98863259587978,179.11727422662742,176.41061334533416,hurray
66,140.901644858619,136.11391866112317,161.90903848287,169.19254902210199,86.835121920318,92.94442219710899,175.62798089141012,174.5744110781773,179.68471875270694,179.1815177854225,hurray
67,134.83186810059004,139.38296331504554,152.46756980762598,174.33333021188824,93.64363227916928,95.69119338702731,170.33188199619298,172.54942119071055,176.16955979909497,172.85147018872073,hurray
68,158.80057974956185,160.20336510447805,161.86191784440265,170.05288226928786,92.51600648654133,94.6174793049467,169.47581729275407,172.68874589172665,178.600003904867,179.22684583082992,hurray
69,140.83020067878113,139.89379898228367,161.23863259040954,175.05463238643898,91.95048660046143,87.84263676289275,171.35635925874334,178.26354772047637,175.44085207161163,177.85984063563802,hurray
70,136.60811003399942,132.9029362855811,59.98581032436231,153.14128540825382,87.77029010161279,95.67377818200434,176.47905159632472,171.0462263992022,173.71080161659773,177.94953622810877,hurray
71,141.23737757263095,139.9620496753783,157.63035496602058,171.65605605973593,84.61283056545545,87.1807518945556,176.90704455341154,179.91575460252014,176.8014831103094,178.92058916164189,hurray
72,153.5643679176257,147.9018218369495,153.1112472980018,162.16633413502942,91.04350011259676,96.89909415316346,173.07780658202014,172.62033741882536,179.71290830349025,178.99887119303796,hurray
1,80.75172720247318,98.22938695420218,174.70774692084012,179.4776977506736,150.39622968254443,96.35141046903134,108.82335807953518,172.40199739067847,82.2997307845376,177.97996222182752,raise_right_leg
2,88.29546300301347,97.79960323784469,178.66372820633026,177.60456126764961,147.27308066625827,97.41835923686183,105.64826609351678,174.18976114158076,79.62055995772481,176.55995276369674,raise_right_leg
3,82.57999002147967,97.93091861044361,173.67214475255957,178.32655755447428,162.5969481993755,86.18835547596727,92.0017170780259,177.37731511187735,77.38416282071856,162.73985875191656,raise_right_leg
4,79.02140084997566,102.15381485108827,173.61957596902664,177.58934729163715,160.4216533595889,96.81848953903976,94.624128314499,170.36825601404098,80.76465514654842,173.42599178528863,raise_right_leg
5,67.46674992099574,91.01254435832581,178.32120796057416,178.80484135237285,130.01318709495246,98.8221725385021,125.95056943712108,166.36427656779136,114.82516379536234,173.0302862689573,raise_right_leg
6,72.14779721152722,98.83158684200092,176.49157783442152,176.6704326941124,122.49236256928671,96.68566400194055,135.39823133006638,166.4645925428521,92.70501544607083,173.7962909658592,raise_right_leg
7,98.50558697493558,106.58210907571927,171.6373233210166,178.37187615683376,140.89524800795868,94.0144967102035,116.65605305109514,171.13210236280764,99.08094027932391,173.80119949949932,raise_right_leg
8,96.75845898210444,104.67021137690746,176.74120815538916,178.82622780857866,146.4305630516973,92.36876327382993,113.45077776816231,169.77340761348634,94.55547295082454,172.86002290603716,raise_right_leg
9,94.19578364868696,106.19737892276875,175.8649288376891,178.14063523637736,139.22281959314788,95.80946409978043,117.29579578251537,173.82525393867834,95.91763353629987,177.71944586785557,raise_right_leg
10,100.58888018507588,116.17505726790733,177.8250122525771,172.32855986560784,136.45602826177625,97.71588653605149,119.01357471982809,171.09936230736616,96.15956561510542,170.96239031356797,raise_right_leg
11,101.1108861574585,113.53934059040151,174.4610868859826,179.13238688342201,130.1549337427195,93.3567360318282,128.68189238843067,168.17303562670565,118.95328431063858,173.24868850033397,raise_right_leg
12,87.07132288239863,106.28310126716629,163.41698517268352,172.72388684940046,164.24797897893706,85.05674006048851,98.05584089420852,176.39421355894592,104.51455581120493,177.9829062202523,raise_right_leg
13,88.2280810548196,115.88369605387267,170.52328186777663,90.62794650619412,159.4332015562448,87.62315356596197,104.28738289760277,169.029885607752,114.35333214609683,176.35209446759336,raise_right_leg
14,97.59469310550418,115.14263574133643,167.00003113005263,167.6558548315464,161.24835882911486,80.80256703518961,107.20064149326157,168.15867269611104,123.65898932360726,179.06464784257204,raise_right_leg
15,96.89057499702741,101.81711438048333,179.48376086202282,26.334082130130625,138.6612113606134,70.65926451696734,130.27539527303122,176.19741419292956,151.2901132221353,176.24144431452825,raise_right_leg
16,88.3683081100315,106.04232804729934,175.29887896584796,152.31190990190117,114.47327546606353,77.69892008053645,154.73991979237934,169.55397186784722,165.7631601650715,170.84812540204703,raise_right_leg
17,93.7184428398208,109.68378422284964,168.46995693198957,163.26107201474105,167.76503040869923,89.40872897412426,84.26280405050765,173.3399985837095,103.41186145890609,167.85471083922275,raise_right_leg
18,99.11710272098072,103.46729977512615,170.71486799871326,177.86942289384805,126.31353335951914,66.37866733090327,146.9782355631565,175.4394173549251,143.77370795792862,174.86479593432904,raise_right_leg
19,93.53865552332911,109.69770897404707,176.30504671683488,172.3584908125544,152.63749230695896,92.69478685825615,106.97428074657984,173.28052271427092,107.65772259964437,174.5595140377322,raise_right_leg
20,91.51831969586095,108.50500004029111,174.87995236864157,170.48908861174525,167.13915534958542,93.81305453077493,85.72510275187724,177.21936368866193,101.95892344188488,178.4002108746695,raise_right_leg
21,91.73284379140543,110.49974748512024,178.3416684880518,168.04569920293946,145.71325024211936,95.4998700165085,108.90519404876486,174.34678314579966,116.0586494837573,177.9317382092132,raise_right_leg
22,93.26602642484748,104.86885664696585,178.6673229430818,175.27653266410613,139.9101028120943,98.01402402902029,113.12784547839001,174.24139301539313,122.13884502662223,179.8342564160974,raise_right_leg
23,94.8185103154486,108.02464967694685,179.61122936782422,170.65176449956948,143.7625271977614,93.2728741226212,112.50721319365357,175.91963629175234,119.25852687160092,177.87673544600642,raise_right_leg
24,96.57451236610888,107.4001533724783,174.84359452235836,174.53123352168714,145.7666876227774,92.49779200772045,110.72520860773854,174.6368490746237,117.22349712537714,178.82441707058163,raise_right_leg
25,96.00943592206887,111.7761884999702,179.35637234562623,171.98846091067875,148.43067028642793,94.10313198537759,106.66245989546505,174.20983374336714,114.53612046572874,175.98602230625872,raise_right_leg
26,88.91184336764297,103.46294824264548,171.5187695863472,177.95494912458167,148.1136850241699,88.20927099363499,113.03399380801436,172.73131615351383,92.9105928150017,175.6432090256575,raise_right_leg
27,89.57507642146685,106.17174945325166,174.56668038370083,176.6223487389378,147.1976002251156,90.96817110827534,110.59556295071737,170.84681971152,101.82536883204317,178.75030215400008,raise_right_leg
28,63.08396393554999,72.53391315061411,10.038866324509776,118.3235797375171,121.60357316570969,63.82626560843023,128.86313615960523,160.46256101275597,93.32363054018516,115.36748282585484,raise_right_leg
29,77.82278143672836,95.40917845468357,7.367654217345365,172.72629032057853,165.8766992082782,88.69818733437194,118.98582054478318,149.71937234406602,88.24215003179692,156.5419834967002,raise_right_leg
1,52.83765263491544,52.84842440979286,105.57934799560178,112.10920546511194,132.9746671162874,128.74673286373095,129.70653563816705,131.22723004594775,173.33485695625635,118.12354170906669,side_stretch_left_leg
2,56.340906005689455,52.05590644014093,102.49088881361388,110.52499864958034,122.66600634567249,125.96703030102893,139.81466119433577,133.96280952695537,173.57491744854119,134.9335744190922,side_stretch_left_leg
3,38.07760411318052,44.679731671469405,123.89606551878431,113.71758127904855,117.37627482388055,114.50268056929202,146.46890337895073,141.53464956983117,174.7120355294999,154.36302727875076,side_stretch_left_leg
4,34.286013726072284,41.519000125276875,124.00057064618127,115.11978036427469,129.04693600824103,139.87526764544415,132.08985084158283,116.55773651102388,168.19596544085348,125.40529061721634,side_stretch_left_leg
5,32.6382512251991,45.795041801528676,135.17463148605194,116.07300154714756,122.25797134181515,121.68853334769395,142.88606122908948,138.78435139909692,173.45370921670596,144.00127955866662,side_stretch_left_leg
6,34.13216008778591,23.445674775405593,137.65209008725566,169.82249553297893,126.00544006545014,120.82246240358921,140.93349993517933,135.02925077830952,176.91795063303624,133.54986178711428,side_stretch_left_leg
7,47.690997534703286,49.40568298101192,100.71469459701427,113.64422224535502,115.83040389663222,142.5958928157127,150.3413646756487,115.76574511432737,170.0263728077487,119.77725535926186,side_stretch_left_leg
8,55.90876746472824,3.3399071063112875,97.08396511649958,120.207061078419,170.44457611145032,17.14635941266988,132.41624179403976,157.79500653728755,78.17923557464124,178.36762400270084,side_stretch_left_leg
9,46.398386740623735,50.878365062610285,100.67290873430747,103.36818228290949,120.60195397175552,133.87105872831583,148.5522725950604,127.23835099124047,176.49259248506647,141.75375902322065,side_stretch_left_leg
10,40.98367790636938,46.16884761643533,110.1586535938711,97.66012031657553,122.07078410301494,137.55342996642509,140.30517096892666,127.95444808694309,177.41494680959792,134.11805084338727,side_stretch_left_leg
11,50.37284909447949,68.6343857733297,88.36267752568303,78.76775543164096,117.15761184852904,47.39071817269305,150.83864131955957,149.92595262017724,169.16723158140493,70.32562096309347,side_stretch_left_leg
12,61.64564131619743,56.35220018625897,86.83138527427363,102.3115099044058,135.44339492449285,142.03895585613333,123.88260201324046,44.8963494566648,174.52517750277988,124.44135328864768,side_stretch_left_leg
13,56.053420473148265,51.29676767805922,85.52220889466685,80.34130065399985,113.32350200848961,80.44471425294165,149.16409099039,177.83454105206098,179.93143707357515,115.18433595180659,side_stretch_left_leg
14,58.730952811661346,57.332543631416044,92.59498494471256,83.25905195712213,111.56066777582168,57.602360379156806,142.38592818515843,151.63651581268803,168.39501380943673,81.58982515899179,side_stretch_left_leg
15,64.06265841668461,45.71195950210719,81.83838716824198,73.6163747559044,110.72284508121514,76.45273191024887,149.69433004107472,168.69699110833943,157.22752937944358,114.83885975887468,side_stretch_left_leg
16,20.550105442225526,10.273503576848901,175.00008552437097,158.9486952213381,140.45958731248348,163.90255599766977,124.15984244510064,59.01354238918177,167.030137013105,12.290517636787769,side_stretch_left_leg
17,20.637403792850307,25.8057229653638,168.2452963992651,170.18651418911105,119.57684571826687,38.769920393318806,135.43583677997043,134.79877410788467,168.26099749151464,165.566848962104,side_stretch_left_leg
18,36.74125223219063,37.80144170932271,169.74241011795496,136.17251787383086,107.01461660905271,136.3922825849161,141.4613153893674,150.46790550459377,175.50639797484786,82.43978718858403,side_stretch_left_leg
19,56.24703921770786,64.07314347216061,89.3194126007087,93.12036103623342,145.74789874388333,125.87929124086615,121.70619976567953,128.86559005607612,179.36585078936446,131.20047568261464,side_stretch_left_leg
20,52.8076717152876,48.46678269983437,116.543982680321,116.19005176201861,117.22531414166333,121.20690650738821,144.17867806997634,144.63650478682092,161.18283165697824,149.64479668384584,side_stretch_left_leg
21,51.45957940867229,51.389136829881565,115.65980955541572,109.21601639201901,113.84332013358225,121.70152241545792,144.1786061150897,148.55163384262121,161.30004366218054,148.67219867177744,side_stretch_left_leg
22,43.389182138188644,41.82500604078086,129.32176066645152,124.45356268740767,115.15992372728982,121.14993319321795,142.86088148956748,145.90878070501094,163.12638633846356,144.992274494004,side_stretch_left_leg
23,43.06390307637583,44.308002569766465,130.02922694542468,120.06448272494023,112.21220144450852,122.81875193537566,147.28510186031443,144.29968770939928,160.8766099331221,145.86154756667528,side_stretch_left_leg
24,44.729515059571185,46.7923226815025,113.64737916802675,108.26971923105816,118.59474564361919,122.02629304944584,138.37867701410005,146.24808872896787,168.92032543496828,145.75230347182736,side_stretch_left_leg
25,46.38248548345464,35.05796121114949,137.81274063131846,178.6419807187702,116.54750628239933,138.29197558398158,134.2512304770837,143.98502810386358,178.25017098126057,127.08637940982535,side_stretch_left_leg
26,51.36416009849136,51.57545318719479,115.27285169857495,107.23547772834455,116.36052098844313,128.8224339388691,142.67965816837471,142.23721734429603,165.79425626700433,139.835891412616,side_stretch_left_leg
27,42.003781546688835,46.59529254045342,100.49361196703916,103.64291477599006,130.90921383149328,145.52824849219263,133.8754005025576,112.98430005210766,171.06604286839155,105.15846496007805,side_stretch_left_leg
28,44.01211575227115,47.13708845797251,102.02895675912062,100.32644927165951,120.15327197052778,147.54443027986537,145.22710821342392,116.22608952898327,174.13283764067847,117.66353567320269,side_stretch_left_leg
29,57.34629960680425,80.05793746817854,80.84996403692361,80.69894385884695,140.6572934981102,134.560594500395,121.6925050673946,118.23445082871588,177.05933033839418,121.57250867011052,side_stretch_left_leg
30,45.14288194698734,66.08496191791556,86.332482991314,66.20037296616674,129.5812419791714,131.67259575827342,143.74616226255526,118.23386488763835,169.33459150347605,159.05598445228685,side_stretch_left_leg
31,53.81442659171782,64.55048848872163,101.99946798854774,94.34259295779475,132.5893577135587,134.99153472852558,137.1975857787282,119.92217651939339,170.35390808816194,126.9513185561316,side_stretch_left_leg
32,51.588602521206,49.444106121652695,83.83454916118603,110.55805962662522,132.20176371748045,146.79904477734763,129.12777317760032,114.15908066043269,172.98457758689958,84.15574820632844,side_stretch_left_leg
33,51.49503147114444,52.22576215536923,86.31743582562703,100.18843445993944,128.7849581337389,146.91541824382736,131.2405215227644,115.78321729659552,171.1322245084119,83.8470017625854,side_stretch_left_leg
34,55.106312524918714,58.70324714528213,91.3037003981534,91.92260064298497,132.74363496823875,112.52742464913473,130.72518002818595,145.6959410513895,179.40518973337046,143.37490777902303,side_stretch_left_leg
35,50.97936417225231,45.41926711360892,80.14326075775463,110.75433814401839,132.5615228142603,156.10039000134685,128.30900061892152,106.39393218942254,176.5462780889103,92.70661919431224,side_stretch_left_leg
36,43.459171707376235,44.58650128920291,84.815554343243,106.89453301215326,136.34707067990746,144.98765442757758,130.16494435092326,115.9724134127255,176.37481413768793,89.8103278806197,side_stretch_left_leg
37,45.32270707125324,48.72322977796046,86.20047568261462,105.08025029720856,137.1242993508704,143.346102026713,129.36165568190958,114.1544162149283,173.57837293958124,95.85013601922877,side_stretch_left_leg
38,36.67123801147294,53.326849413353926,88.67853884574212,99.46615675356354,130.53312937164208,148.5223393174147,136.4692618189683,109.10859915665986,169.6968343097733,95.45742002005235,side_stretch_left_leg
39,47.727567053348864,47.66357425064881,82.56537966173548,103.22326799670131,132.23843156564237,144.31754480418533,131.74448197236154,116.52077885142953,176.10698124511825,100.34511983079418,side_stretch_left_leg
40,44.0265747407954,47.89871537440726,84.73550671201413,107.13385159070357,133.81604897989354,138.9457131497684,135.7066215415948,118.58145276672558,174.39934597924488,99.4434846690964,side_stretch_left_leg
41,55.83061937870752,71.2231042982419,86.14253422222221,78.80488857370003,151.9275130641471,159.8205413354891,116.53966536592873,95.9471893453083,174.46833577295203,99.97402640398383,side_stretch_left_leg
42,50.12534577367092,50.722859379222584,99.00423817207671,104.56106784495053,123.92028286644988,139.196622300566,136.56826498764173,119.36953419466396,176.21194082614002,118.77529399281958,side_stretch_left_leg
43,46.118364510066264,49.05827250116362,111.21653595898233,106.97952824659737,135.49514149385857,144.81269897581117,131.7739469451797,107.8849351407933,179.46720012976027,103.7421183100742,side_stretch_left_leg
44,49.02826366648514,47.68609537265606,99.55428967240177,107.96755950576345,143.68836186050694,155.92450174492123,119.7938215510088,99.10733431225441,172.81299831592383,83.31068460236594,side_stretch_left_leg
45,52.92851385708419,51.51811890795574,101.62755148125066,105.36490748187077,136.55500261526797,150.97420485651688,120.99743902260705,108.24340250745715,178.20756317850996,91.62425677148036,side_stretch_left_leg
46,50.23204789262753,51.87866738521773,103.32546059801949,104.05737518782814,137.51978663956834,160.74968560264912,120.69394746520794,98.55475711000516,176.91506872134858,80.17973990615381,side_stretch_left_leg
47,62.03472809528011,76.50020110115514,77.18570399285352,83.81156693142985,135.1839907078368,139.02541736803846,134.99657260396935,111.56999425399856,175.63095025255942,110.46725608790237,side_stretch_left_leg
48,63.42749619815744,84.83583994414062,71.89572895494219,75.05540016569465,143.47387290602748,130.83316776050302,119.52147985267807,121.83972115025244,176.70896365780607,127.20395691040319,side_stretch_left_leg
49,51.065525683532776,78.03793005074654,83.40008301808612,78.94829672839731,128.38826630840555,127.13706352955634,147.2631051820223,121.42276730272474,177.66810532585106,133.0168640086155,side_stretch_left_leg
50,56.77703123414336,62.061267188777734,94.17626029594103,85.55948659551198,133.1773329936067,131.38611924799636,136.23181945486368,125.00414885619148,175.3314461835492,122.90524292298791,side_stretch_left_leg
51,48.67998628452989,52.28926402372226,108.9861772886883,111.34151020638141,140.1213165107786,125.47997813422585,127.85298911109871,127.19918010969066,166.10074127304887,153.11124729800179,side_stretch_left_leg
52,60.23646057387701,64.9167103588448,86.68238145546424,85.32189817863987,133.91102016776665,143.54438388053535,134.76742045699734,110.42911475060312,174.02586012927176,101.01060781278724,side_stretch_left_leg
53,52.483349379364476,57.66931503254759,97.48246932273436,105.53644881044475,133.6942256655747,124.32707958749127,131.0353318630345,134.83216270116887,174.6451907752694,138.61412939318367,side_stretch_left_leg
54,46.68746493925512,57.196188634284844,109.93262632601264,96.31148238306749,130.50085764612362,133.71145718264594,135.02524128521753,124.26320168983345,179.24642083537913,131.77984046418698,side_stretch_left_leg
55,48.01449035375376,58.17626591574614,107.43736193801851,98.34339827437157,141.26020838767235,139.28281175074696,123.33614971659951,116.70050784839316,178.71201704186092,110.27268561330986,side_stretch_left_leg
56,50.76128500115826,61.55621741284552,104.84203815090105,95.34098901923991,144.0457848386645,142.13390476549466,120.3196504769665,114.8306241210783,178.0634713604728,104.07227014324513,side_stretch_left_leg
57,57.356745313452315,61.18043787769359,89.77289447556463,96.49934627965457,149.86075925155376,155.72931111801404,110.31514993259498,102.51762335798638,162.4723260688998,89.65972972336012,side_stretch_left_leg
58,49.505690123997134,49.41791878326501,81.84473402123666,100.45099115756135,144.19380772726717,169.00765349550394,132.03549345473272,76.66294226374725,173.1952554052243,74.53113670589208,side_stretch_left_leg
59,56.30801069970306,61.152643229597544,78.16635469383932,90.79982842302263,158.53502759102847,169.10351033799338,108.48707537064472,83.95822474837449,176.06081790597887,78.63069368245235,side_stretch_left_leg
60,45.336315069489665,43.573831518065575,84.28206475824723,105.41329310132667,124.60789658301739,132.86031747689623,153.67905156017576,115.30897385888926,170.8621439163057,134.07216095210913,side_stretch_left_leg
61,48.27234033664788,43.889755656779464,89.96559402861944,96.80386475964885,118.4277606252826,123.26922466771259,150.4011253652813,136.81756371176476,170.25462296375633,150.7804773010008,side_stretch_left_leg
62,47.05207603905425,45.44966611383603,101.4937707060206,112.41950693435426,124.26394343697572,108.86615891718026,133.19141551035656,154.24660805907772,176.90822684899163,130.89621227741094,side_stretch_left_leg
63,53.82775769602006,57.81556231013626,87.77937560620744,95.66102193336782,134.07442285453382,125.89090870385226,139.8219963442452,124.72952031123312,170.7982426322492,118.50291800444899,side_stretch_left_leg
64,48.296949365335486,62.12755753816081,89.59444416898829,85.00099687427408,129.317013748115,113.71921585412754,141.27761555309263,143.31906301492467,175.19202889489833,130.94146915222413,side_stretch_left_leg
65,54.1326150415704,56.23368217477927,84.75111483485527,93.21048694399664,133.1823134137643,124.2238667729756,136.4312338072205,128.64979162626594,170.58915953253853,115.65433067276075,side_stretch_left_leg
66,43.56661134931265,60.211735511010595,88.26014095104986,86.99689642583836,136.16338515086852,119.52882943552045,136.97872166074183,132.595579066946,173.11473145998636,136.77897770445952,side_stretch_left_leg
67,45.498211612613645,41.06612006561261,100.25975547577637,113.51733077639209,125.56575019517297,127.50867489562286,144.43424980482706,129.32247606971214,171.25602739303798,130.7487466393376,side_stretch_left_leg
68,43.74292758418549,41.20078017691765,102.86710414001907,117.37056266550375,123.99061723373941,130.2363583092738,146.4239309213347,125.97043695162694,168.6068136345839,131.3527608832352,side_stretch_left_leg
69,56.82148834060726,67.04459894069659,79.38139588753957,86.54407985704746,120.94830683977061,102.52793405815723,142.68398182973397,155.67655436385107,171.31093216501185,162.1959246575773,side_stretch_left_leg
70,43.74709168080797,53.621091538632456,94.41425936226335,120.3048399895388,140.70868142564345,166.82616210451266,120.06512693371592,94.33100136881392,179.1002703196643,72.76660542982476,side_stretch_left_leg
71,52.068595117003156,52.069977192427956,96.91122711902467,99.32225686563591,131.74880178954083,128.97727855422275,135.6190775791133,122.60504264866725,172.3123273038835,151.69109607269556,side_stretch_left_leg
72,54.30397677402751,69.71325185757134,102.51041259056565,94.68648369793475,139.2314521779347,150.6756170995899,123.93924670568722,103.57848164134256,172.99620277675083,131.8945478372243,side_stretch_left_leg
73,54.90991920206887,59.27995590404365,81.58853761035354,95.69901565993226,139.35918026170174,147.40719731415354,131.5249033679107,100.84096974209851,179.1918026514734,129.45782216093122,side_stretch_left_leg
74,55.53388423022443,73.30802855270971,96.01314962285753,80.28246310757378,138.30795218259317,160.99705005088583,125.62601103996614,93.18478747335195,174.38088543195929,122.78066737819255,side_stretch_left_leg
75,46.12255423688138,47.734566275098786,98.42171291209698,106.49445832611018,123.5225500903299,110.69836191374985,138.07278605459587,149.93604104289096,174.75151281963636,125.90911423802459,side_stretch_left_leg
76,46.693867053210354,46.48284602480431,96.57337886933769,114.70698929144139,122.477069026596,113.76721876056239,139.35019916038414,147.32650604573664,176.79077096096708,128.40914267569843,side_stretch_left_leg
77,18.69762731554776,34.456261161680864,174.55509369587622,165.28121195972676,134.4019446904242,141.5281936310637,143.9415812907812,112.272181903427,175.71053437524682,126.1571501677465,side_stretch_left_leg
78,19.84795875864068,40.934763022648994,178.71524285226874,160.69303177168825,133.48386088425644,141.1352542574266,147.29059962671096,113.1761596993773,179.12387304649283,129.90612873138022,side_stretch_left_leg
79,16.084886263219968,32.87897990940105,167.00996254753827,170.4796010320092,134.36073135179083,142.5165917802106,140.96231361098393,115.81942211564188,177.20992481497606,127.57789729427826,side_stretch_left_leg
